,up_limit,turnover,close,open,high,low,volume
IC,0.043202230266500545,0.0058500427757173104,0.02132392100819196,0.012511776595865437,0.01723085431664552,0.017454966085157304,-0.0007466262573353117
IR,0.42183993248555457,0.03762372958763564,0.11258867707177966,0.06600904350295053,0.09112446533171242,0.09196347557252436,-0.006708784738708256
IC Winrate,0.6515499425947188,0.5137772675086107,0.5591274397244547,0.5413318025258324,0.5493685419058554,0.5499425947187141,0.49827784156142363
